item_no,canonical_name,plan_qty,fact_qty,expected_status
1,Разборка перегородок из кирпича толщиной в полкирпича,67.5,67.5,green
2,Разборка кровли из асбестоцементных листов,1800,1800,green
3,Демонтаж деревянных оконных рам,270,270,green
4,Демонтаж дверных полотен с коробками,36,36,green
5,Снятие напольных покрытий,1350,1323,green
6,Выемка грунта экскаватором в отвал,480,480,green
7,Выемка грунта вручную в траншеях,90,88.2,green
8,Песчаная подсыпка под фундаменты,60,58.2,green
9,"Бетонная подготовка под фундаменты класса В7,5",37.5,37.5,green
10,Бетон тяжёлый М300 в фундаментах,127.5,147,red
11,Бетон В25 плит перекрытия,90,90,green
12,Арматура А500С диаметром 12 мм,14.25,17.1,red
13,Арматура А240 диаметром 8 мм,3.3,3.3,green
14,Монтаж опалубки конструкций,630,623.7,green
15,Гидроизоляция фундаментов битумной мастикой,525,519.8,green
16,Кладка наружных стен из кирпича,180,177,red
17,Устройство перегородок из газобетонных блоков,105,108.15,green
18,Установка железобетонных перемычек,90,90,green
19,Теплоизоляция наружных стен минеральной ватой,1650,1633.5,green
20,Монтаж стропильной системы из бруса,42,40.7,green
21,Покрытие кровли профилированным листом,1875,2085,red
22,Устройство системы водоотвода с кровли,270,264.6,green
23,Монтаж окон из ПВХ с двухкамерным стеклопакетом,285,285,red
24,Монтаж стальных входных дверей,9,9,green
25,Монтаж межкомнатных деревянных дверей,33,33,green
26,Оштукатуривание стен цементно-песчаным раствором,4800,5340,red
27,Шпатлёвка стен под окраску,4800,4704,green
28,Оштукатуривание откосов оконных проёмов,390,195,yellow
29,Окраска стен водно-дисперсионной краской,4800,4752,green
30,Окраска потолков водно-дисперсионными составами,2100,1050,yellow
31,Устройство стяжки из цементно-песчаного раствора,2250,3000,red
32,Облицовка полов керамогранитными плитами,1050,1039.5,green
33,Устройство покрытия пола из линолеума,1200,660,yellow
34,Облицовка стен санузлов керамической плиткой,480,225,yellow
35,Устройство подвесных кассетных потолков,900,630,yellow
36,"Кабель ВВГнг-LS 3×2,5 прокладка",3600,3600,green
37,Монтаж светильников светодиодных потолочных,315,315,red
38,Монтаж розеток и выключателей,240,120,yellow
39,Установка биметаллических радиаторов отопления,72,72,green
40,Монтаж трубопроводов отопления из полипропилена,975,965.2,green
M36,"Кабель ВВГнг-LS 3×2,5",3600,3600,green
M37,Светильники светодиодные потолочные,315,315,green
M39,"Радиаторы биметаллические, секции",72,72,green
M40,Трубы полипропиленовые PN20,975,965.2,green
W1,Строительный мусор,36.1,36.1,green
X1,Устройство тротуарной плитки у входной группы,,225,red
X2,Монтаж системы пожарной сигнализации,,1.5,red
